{
  "accuracy": 0.8333333134651184,
  "macro/f1": 0.8292761445045471,
  "num_classes": 8,
  "num_samples": 270
}