{
  "use_per_class": true,
  "threshold": 0.8,
  "per_class_thresholds": [
    0.875,
    0.7749999761581421,
    0.8999999761581421,
    0.6000000238418579,
    0.375,
    0.699999988079071,
    0.875,
    0.6000000238418579,
    0.5,
    0.6499999761581421,
    0.699999988079071,
    0.8999999761581421,
    0.875,
    0.699999988079071,
    0.4000000059604645,
    0.8999999761581421,
    0.5,
    0.800000011920929,
    0.75,
    0.800000011920929,
    0.8999999761581421,
    0.44999998807907104,
    0.8999999761581421,
    0.800000011920929,
    0.675000011920929,
    0.8999999761581421,
    0.75,
    0.25
  ],
  "prob_floor": 0.4
}