{
  "use_per_class": true,
  "threshold": 0.625,
  "per_class_thresholds": [
    0.8999999761581421,
    0.75,
    0.875,
    0.4749999940395355,
    0.7250000238418579,
    0.5,
    0.625,
    0.6499999761581421,
    0.8500000238418579,
    0.6499999761581421,
    0.800000011920929,
    0.824999988079071,
    0.824999988079071,
    0.550000011920929,
    0.800000011920929,
    0.8999999761581421,
    0.4749999940395355,
    0.4749999940395355,
    0.550000011920929,
    0.875,
    0.8500000238418579,
    0.15000000596046448,
    0.25,
    0.699999988079071,
    0.30000001192092896,
    0.7749999761581421,
    0.550000011920929,
    0.15000000596046448
  ],
  "prob_floor": 0.4
}